id	name	price	Is_discontinued	manufacturer_name	type	pack_size_label	short_composition1	short_composition2
1	Augmentin 625 Duo Tablet	223.42	FALSE	Glaxo SmithKline Pharmaceuticals Ltd	allopathy	strip of 10 tablets	Amoxycillin  (500mg) 	  Clavulanic Acid (125mg)
2	Azithral 500 Tablet	132.36	FALSE	Alembic Pharmaceuticals Ltd	allopathy	strip of 5 tablets	Azithromycin (500mg)	
3	Ascoril LS Syrup	118	FALSE	Glenmark Pharmaceuticals Ltd	allopathy	bottle of 100 ml Syrup	Ambroxol (30mg/5ml) 	 Levosalbutamol (1mg/5ml) 
4	Allegra 120mg Tablet	218.81	FALSE	Sanofi India  Ltd	allopathy	strip of 10 tablets	Fexofenadine (120mg)	
5	Avil 25 Tablet	10.96	FALSE	Sanofi India  Ltd	allopathy	strip of 15 tablets	Pheniramine (25mg)	
6	Allegra-M Tablet	241.48	FALSE	Sanofi India  Ltd	allopathy	strip of 10 tablets	Montelukast (10mg) 	 Fexofenadine (120mg)
7	Amoxyclav 625 Tablet	223.27	FALSE	Abbott	allopathy	strip of 10 tablets	Amoxycillin  (500mg) 	  Clavulanic Acid (125mg)
8	Azee 500 Tablet	132.38	FALSE	Cipla Ltd	allopathy	strip of 5 tablets	Azithromycin (500mg)	
9	Atarax 25mg Tablet	85.5	FALSE	Dr Reddy's Laboratories Ltd	allopathy	strip of 15 tablets	Hydroxyzine (25mg)	
10	Ascoril D Plus Syrup Sugar Free	129	FALSE	Glenmark Pharmaceuticals Ltd	allopathy	bottle of 100 ml Syrup	Phenylephrine (5mg) 	 Chlorpheniramine Maleate (2mg) 
29498	Budevin F 6mcg/400mcg Inhaler	400	FALSE	Divine Savior Pvt Ltd	allopathy	box of 120 MDI Inhaler	Formoterol (6mcg) 	 Budesonide (400mcg)
29499	Bisowin-H Tablet	65	FALSE	Holymed Pharma	allopathy	strip of 10 tablets	Bisoprolol (5mg) 	 Hydrochlorothiazide (12.5mg)
29500	Benzwash Soap	99	FALSE	Bustal Pharmaceutical	allopathy	box of 75 gm Soap	Benzoyl Peroxide (2.5% w/w)	
29501	Bestofyline  A 100mg Capsule	69.96	FALSE	BestoChem Formulations  India  Ltd	allopathy	strip of 10 capsules	Acebrophylline (100mg)	
29502	Broncocet DX Tablet	69	FALSE	Seagull Laboratories (I) Pvt Ltd	allopathy	strip of 10 tablets	Doxofylline (400mg) 	 Ambroxol (30mg)
29503	Biovid OZ 200mg/500mg Tablet	72	FALSE	Alpha Health Care	allopathy	strip of 10 tablets	Ofloxacin (200mg) 	 Ornidazole (500mg)
29504	Brucof Plus Syrup	32	FALSE	Brussels Laboratories Pvt Ltd	allopathy	bottle of 100 ml Syrup	Guaifenesin (50mg) 	 Terbutaline (25mg) 
29505	Bizid M 80mg/500mg Tablet	39.7	FALSE	Biotech Ltd	allopathy	strip of 10 tablets	Gliclazide (80mg) 	 Metformin (500mg)
36953	Clobex-GM Cream	13.62	FALSE	Scott Edil Pharmacia Ltd	allopathy	tube of 10 gm Cream	Clobetasol (0.05% w/w) 	 Miconazole (2% w/w) 
36954	Combither AT 120mg Injection	386.27	FALSE	Aristo Pharmaceuticals Pvt Ltd	allopathy	vial of 1 Injection	Artesunate (120mg)	
36955	Card 5mg Tablet	19.23	FALSE	Jagsonpal Pharmaceuticals Ltd	allopathy	strip of 10 tablets	Amlodipine (5mg)	
36956	Coldgesic Tablet	48.12	FALSE	Dew Drops Lab	allopathy	strip of 10 tablets	Pseudoephedrine (NA) 	 Chlorpheniramine Maleate (NA) 
36957	Cefurow-CV 375 Tablet	270	FALSE	Rowlinges Life Science	allopathy	strip of 6 tablets	Cefuroxime (200mg) 	 Clavulanic Acid (125mg)
36958	Clobitra 200 Capsule	241	FALSE	Indoco Remedies Ltd	allopathy	strip of 10 capsules	Itraconazole (200mg)	
36959	Clamross-CV 625 Duo Tablet	169.47	FALSE	Emami Frank Ross Ltd	allopathy	strip of 10 tablets	Amoxycillin  (500mg) 	  Clavulanic Acid (125mg)
60757	DavaIndia L-Methyl Folate+Methylcobalamin+Pyridoxal-5-phasphate 1mg/1500mcg/0.5mg Tablet	50	FALSE	Davaindia Generic Pharmacy	allopathy	strip of 10 tablets	L-Methyl Folate (1mg) 	 Methylcobalamin (1500mcg) 
60758	DIPNATE GM CREAM	38.36	TRUE	Karlin Pharmaceuticals & Exports Pvt Ltd	allopathy	tube of 15 gm Cream	Betamethasone (NA) 	 Gentamicin (NA)
60759	Dermasure S Cream	76	FALSE	Valence Pharma	allopathy	tube of 15 gm Cream	Beclometasone (0.025% w/w) 	 Clotrimazole (1% w/w)
60760	Dizi 25mg Tablet	30	FALSE	Thrift Pharmaceuticals	allopathy	strip of 10 tablets	Cinnarizine (25mg)	
60761	Destal 5mg Tablet	90	FALSE	Talent Healthcare	allopathy	strip of 30 tablets	Desloratadine (5mg)	
60762	Duaxit M 0.5mg/10mg Tablet	80	FALSE	Bestel Laboratories Pvt Ltd	allopathy	strip of 10 tablets	Flupenthixol (0.5mg) 	 Melitracen (10mg)
73889	Eris Plus Syrup	29.9	FALSE	Waves Bio-Tech Pvt Ltd	allopathy	bottle of 10 ml Syrup	Ivermectin  (1.5mg) 	  Albendazole (200mg)
73890	Elligno 2% Jelly	25	FALSE	Elder Pharmaceuticals Ltd	allopathy	tube of 30 gm Gel	Lidocaine (2% w/v)	
73891	Escident Lite 0.25mg/10mg Tablet	80	FALSE	Ardent Life Sciences Pvt Ltd	allopathy	strip of 10 tablets	Clonazepam (0.25mg) 	 Escitalopram Oxalate (10mg)
73892	Eylub SH 10ml Eye Drop	425.7	FALSE	Vee Remedies	allopathy	bottle of 10 ml Eye Drop	Sodium Hyaluronate (10ml)	
73893	Egoflam 50mg/325mg Tablet	56	FALSE	Manig Pharma	allopathy	strip of 10 tablets	Diclofenac (50mg) 	 Paracetamol (325mg)
73894	Etorap 600mg Tablet ER	180	FALSE	Cian Health Care Pvt Ltd	allopathy	strip of 10 tablet er	Etodolac (600mg)	
87743	FC-L 150mg Tablet	11.5	FALSE	Nukind Healthcare Pvt Ltd	allopathy	strip of 1 Tablet	Fluconazole (150mg)	
87744	Fenbac 10mg Tablet XR	123.71	FALSE	Mova Pharmaceutical Pvt Ltd	allopathy	strip of 10 tablet xr	Baclofen (10mg)	
87745	Febx 40mg Tablet	89	FALSE	Kioxy Healthcare	allopathy	strip of 10 tablets	Febuxostat (40mg)	
87746	Furosap CV 500mg/125mg Tablet	410	FALSE	Sap Biotech (I) Pvt Ltd	allopathy	strip of 10 tablets	Cefuroxime (500mg) 	 Clavulanic Acid (125mg)
87747	Fentex 150mg Tablet	115	FALSE	Astonea Labs Private Limited	allopathy	strip of 10 tablets	Tolperisone (150mg)	
87748	Furacef 250 CV Tablet	189	FALSE	Elkos Healthcare Pvt Ltd	allopathy	strip of 6 tablets	Cefuroxime (250mg) 	 Clavulanic Acid (125mg)
96978	Graftin 50mg Tablet	256.81	FALSE	Sun Pharmaceutical Industries Ltd	allopathy	strip of 5 tablets	Ciclosporin (50mg)	
96979	Glirega M 2mg/500mg Tablet SR	45	FALSE	Curega Healthcare Pvt Ltd	allopathy	strip of 10 tablet sr	Glimepiride (2mg) 	 Metformin (500mg)
96980	Gocet M Syrup	72	FALSE	Hi-Cure Biotech	allopathy	bottle of 60 ml Syrup	Levocetirizine (2.5mg) 	 Montelukast (4mg)
96981	Gynorich 200mg Capsule	265	FALSE	Syska Healthcare	allopathy	strip of 10 capsules	Progesterone (Natural Micronized) (200mg)	
96982	Gyn 2% Vaginal Cream	85.4	FALSE	Cure Tech Skincare	allopathy	tube of 30 gm Vaginal Cream	Clotrimazole (2% w/w)	
96983	Glime M 1mg/500mg Tablet	42	FALSE	Gloucester Pharma	allopathy	strip of 10 tablets	Glimepiride (1mg) 	 Metformin (500mg)
96984	Glimitos M 0.5mg/500mg Tablet PR	55	FALSE	Atos Lifesciences Pvt Ltd	allopathy	strip of 10 Tablet pr	Glimepiride (0.5mg) 	 Metformin (500mg)
96985	Glusyn 600 Injection	2035	FALSE	Evans Healthcare	allopathy	vial of 1 Injection	Glutathione (600mg)	
96986	Glez 5mg Tablet	7.75	FALSE	Aristo Pharmaceuticals Pvt Ltd	allopathy	strip of 10 tablets	Glipizide (5mg)	
96987	GV Forlin 1 mg/500 mg/0.2 mg Tablet	67.2	FALSE	Lincoln Pharmaceuticals Ltd	allopathy	strip of 10 tablets	Glimepiride (1mg) 	 Metformin (500mg) 
96988	Glimiprime M 2 Forte Tablet	79	FALSE	Primus Pharmaceuticals	allopathy	strip of 10 tablets	Glimepiride (2mg) 	 Metformin (1000mg)
96989	Geozen 25mg Tablet	15	FALSE	Dermawin Pharmaceuticals	allopathy	strip of 10 tablets	Hydroxyzine (25mg)	
96990	Geotel 40mg Tablet	85	FALSE	Jagsam Pharma	allopathy	strip of 10 tablets	Telmisartan (40mg)	
96991	Glybonil Plus 5mg/500mg Tablet	16	FALSE	ABS Remedies Pvt Ltd	allopathy	strip of 10 tablets	Glibenclamide (5mg) 	 Metformin (500mg)
96992	Glowflox 200mg Tablet	55	FALSE	Glowrid Biotech	allopathy	strip of 10 tablets	Ofloxacin (200mg)	
96993	Gemmin 2mg/500mg Tablet	79.8	FALSE	Xemex Life Sciences	allopathy	strip of 10 tablets	Glimepiride (2mg) 	 Metformin (500mg)
96994	Gutcross Oral Suspension	175	FALSE	Hawitt Pharmaceuticals Pvt Ltd	allopathy	bottle of 200 ml Oral Suspension	Sodium Picosulfate (3.33mg) 	 Liquid Paraffin (1.25ml) 
96995	Glybir Plus G1 Tablet SR	58	FALSE	Brilliant Lifesciences Pvt Ltd	allopathy	strip of 10 tablet sr	Glimepiride (1mg) 	 Metformin (500mg)
96996	Gzor M Forte 1mg/1000mg Tablet	110	FALSE	Lloyd Healthcare Pvt Ltd	allopathy	strip of 15 tablets	Glimepiride (1mg) 	 Metformin (1000mg)
96997	Glimfirst 2mg Tablet	33.55	FALSE	Zyphar's Pharmaceuticals Pvt Ltd	allopathy	strip of 10 tablets	Glimepiride (2mg)	
103727	Human Mixtard 50 Injection 40IU/ml	241.58	FALSE	Novo Nordisk India Pvt Ltd	allopathy	vial of 10 ml Suspension for Injection	Insulin Isophane/NPH   (50%) 	   Human Insulin/Soluble Insulin (50%)
103728	Hhderm Cream	330	FALSE	Hegde and Hegde Pharmaceutical LLP	allopathy	tube of 10 gm Cream	Clotrimazole (1% w/w) 	 Fusidic Acid (2% w/w) 
103729	Hexaxim Vaccine	4095	FALSE	Sanofi India  Ltd	allopathy	prefilled syringe of 0.5 ml Suspension for Injection	Diphtheria Immune Globulin (20IU) 	 Haemophilus Type B Conjugate Vaccine (12mcg) 
103730	Hirudal Cream	108.11	FALSE	Oaknet Healthcare Pvt Ltd	allopathy	tube of 14 gm Cream	Mucopolysaccharide Polysulfate (250IU/gm)	
103731	Hynidase Injection	215.65	FALSE	Shreya Life Sciences Pvt Ltd	allopathy	vial of 1 Injection	Hyaluronidase (1500IU)	
103732	Hydrocortisone Sodium 100mg Injection	63	FALSE	Troikaa Pharmaceuticals Ltd	allopathy	vial of 1 Injection	Hydrocortisone (100mg)	
103733	Harmoni-F Tablet	424.3	FALSE	Alembic Pharmaceuticals Ltd	allopathy	strip of 21 tablets	Cyproterone (2mg) 	 Ethinyl Estradiol (0.035mg) 
103734	Hyadry 0.1% Eye Drop	154	FALSE	Santen India Pvt Ltd	allopathy	bottle of 5 ml Eye Drop	Sodium Hyaluronate (0.1% w/v)	
103735	Hifen Plus 200 mg/200 mg Tablet	122	FALSE	Hetero Drugs Ltd	allopathy	strip of 10 tablets	Cefixime (200mg) 	 Ofloxacin (200mg)
103736	Halox S Ointment	270	FALSE	Sun Pharmaceutical Industries Ltd	allopathy	tube of 20 gm Ointment	Halobetasol (0.05% w/w) 	 Salicylic Acid (3% w/w)
103737	Huminsulin R 100IU Cartridge	427	FALSE	Eli Lilly and Company India Pvt Ltd	allopathy	cartridge of 3 ml Solution for Injection	Human insulin (100IU)	
103738	Hyocimax MF  Tablet	133.92	FALSE	Zydus Cadila	allopathy	strip of 10 tablets	Hyoscine butylbromide (10mg) 	 Mefenamic Acid (250mg)
103739	Halovate F Cream	260	FALSE	Glenmark Pharmaceuticals Ltd	allopathy	tube of 15 gm Cream	Halobetasol (0.05% w/w) 	 Fusidic Acid (2% w/w)
103740	Hypersol Ophthalmic Solution	78.84	FALSE	Jawa Pharmaceuticals  Pvt Ltd	allopathy	packet of 10 ml Ophthalmic Solution	Phenyl Mercuric Nitrate (0.001% w/v) 	 Sodium Chloride (5% w/v)
103741	Hifenac Max Tablet	258	FALSE	Intas Pharmaceuticals Ltd	allopathy	strip of 10 tablets	Thiocolchicoside (4mg) 	 Aceclofenac (100mg) 
109068	Intadine O Ointment	91	FALSE	Intas Pharmaceuticals Ltd	allopathy	tube of 15 gm Ointment	Povidone Iodine (5% w/w) 	 Ornidazole (1% w/w)
109069	IV Fer 100mg Injection	247.5	FALSE	Glaxo SmithKline Pharmaceuticals Ltd	allopathy	vial of 5 ml Injection	Elemental Iron (100mg)	
109070	Inac 25mg Injection	4.87	FALSE	Zydus Cadila	allopathy	vial of 3 ml Injection	Diclofenac (25mg)	
109071	Imunet 100mg Capsule	480	FALSE	Cytoz Pharmaceuticals	allopathy	strip of 6 capsules	Ciclosporin (100mg)	
109072	Isonil 20mg Soft Gelatin Capsule	140	FALSE	Nilrise Pharmaceuticals Pvt Ltd	allopathy	strip of 10 soft gelatin capsules	Isotretinoin (20mg)	
109073	Itranova 200mg Tablet	300	FALSE	Dermonova Pharma Pvt Ltd	allopathy	strip of 10 tablets	Itraconazole (200mg)	
109074	Isojet 20 Softgel Capsule	150	FALSE	MLT Laboratories Pvt Ltd	allopathy	strip of 10 soft gelatin capsules	Isotretinoin (20mg)	
109075	Itrovis 200mg Capsule	299.9	FALSE	Fawn Incorporation	allopathy	strip of 10 capsules	Itraconazole (200mg)	
109076	Itoset 150 Tablet	138	FALSE	H & Care Incorp	allopathy	strip of 10 tablets	Itopride (150mg)	
109077	Iressa 250mg Tablet	13208.1	FALSE	AstraZeneca	allopathy	box of 30 tablets	Gefitinib (250mg)	
109078	Isotret 20mg Capsule	169	FALSE	Eraas International	allopathy	strip of 10 soft gelatin capsules	Isotretinoin (20mg)	
109079	Ifin Spray	241	TRUE	Glenmark Pharmaceuticals Ltd	allopathy	bottle of 50 ml Solution	Terbinafine (1% w/v)	
109080	Ivernock Tablet	85	FALSE	J B Chemicals and Pharmaceuticals Ltd	allopathy	strip of 2 tablets	Ivermectin (12mg)	
109068	Intadine O Ointment	91	FALSE	Intas Pharmaceuticals Ltd	allopathy	tube of 15 gm Ointment	Povidone Iodine (5% w/w) 	 Ornidazole (1% w/w)
109069	IV Fer 100mg Injection	247.5	FALSE	Glaxo SmithKline Pharmaceuticals Ltd	allopathy	vial of 5 ml Injection	Elemental Iron (100mg)	
109070	Inac 25mg Injection	4.87	FALSE	Zydus Cadila	allopathy	vial of 3 ml Injection	Diclofenac (25mg)	
109071	Imunet 100mg Capsule	480	FALSE	Cytoz Pharmaceuticals	allopathy	strip of 6 capsules	Ciclosporin (100mg)	
109072	Isonil 20mg Soft Gelatin Capsule	140	FALSE	Nilrise Pharmaceuticals Pvt Ltd	allopathy	strip of 10 soft gelatin capsules	Isotretinoin (20mg)	
109073	Itranova 200mg Tablet	300	FALSE	Dermonova Pharma Pvt Ltd	allopathy	strip of 10 tablets	Itraconazole (200mg)	
109074	Isojet 20 Softgel Capsule	150	FALSE	MLT Laboratories Pvt Ltd	allopathy	strip of 10 soft gelatin capsules	Isotretinoin (20mg)	
109075	Itrovis 200mg Capsule	299.9	FALSE	Fawn Incorporation	allopathy	strip of 10 capsules	Itraconazole (200mg)	
109076	Itoset 150 Tablet	138	FALSE	H & Care Incorp	allopathy	strip of 10 tablets	Itopride (150mg)	
109077	Iressa 250mg Tablet	13208.1	FALSE	AstraZeneca	allopathy	box of 30 tablets	Gefitinib (250mg)	
109078	Isotret 20mg Capsule	169	FALSE	Eraas International	allopathy	strip of 10 soft gelatin capsules	Isotretinoin (20mg)	
109079	Ifin Spray	241	TRUE	Glenmark Pharmaceuticals Ltd	allopathy	bottle of 50 ml Solution	Terbinafine (1% w/v)	
109080	Ivernock Tablet	85	FALSE	J B Chemicals and Pharmaceuticals Ltd	allopathy	strip of 2 tablets	Ivermectin (12mg)	
115465	Jymef D 80mg/250mg Tablet	80	FALSE	Jydem Bio Pharma Pvt Ltd	allopathy	strip of 10 tablets	Drotaverine (80mg) 	 Mefenamic Acid (250mg)
115466	Jeecox 120mg Tablet	127	FALSE	Zesstek Healthcare	allopathy	strip of 10 tablets	Etoricoxib (120mg)	
115467	Jetmox 500mg Tablet	65.38	FALSE	Elder Pharmaceuticals Ltd	allopathy	strip of 10 tablets	Amoxycillin (500mg)	
115468	Jacimox 500mg Capsule	65.4	FALSE	Jaqson Healthcare Pvt. Ltd	allopathy	strip of 10 capsules	Amoxycillin (500mg)	
115469	Jonacef 250mg Injection	32	FALSE	Jonas Pharmaceuticals Pvt Ltd	allopathy	vial of 1 Injection	Ceftriaxone (250mg)	
115470	Jike 250mg Injection	40	FALSE	Blubell Pharma	allopathy	vial of 2 ml Injection	Amikacin (250mg)	
115471	Jifon 100mg/5ml Dry Syrup	89	FALSE	Dr. Johns Laboratories Pvt Ltd	allopathy	bottle of 30 ml Dry Syrup	Cefixime (100mg/5ml)	
115472	Jyomox 500mg Capsule	64	FALSE	Aarotax Pharmaceutical Pvt Ltd	allopathy	strip of 10 capsules	Amoxycillin (500mg)	
115473	Jasdase-N 100mg/15mg Tablet	52	FALSE	Jasco Labs Pvt Ltd	allopathy	strip of 10 tablets	Nimesulide (100mg) 	 Serratiopeptidase (15mg)
115474	Jouster 4000mg/500mg Injection	432.45	FALSE	Enrico Pharmaceuticals	allopathy	vial of 1 Injection	Piperacillin (4000mg) 	 Tazobactum (500mg)
115475	Jotadine 250mg Injection	62	FALSE	Multilax Pharmaceuticals Pvt Ltd	allopathy	vial of 1 Injection	Ceftazidime (250mg)	
115476	Juflox C 200mg/200mg Tablet	125	FALSE	Medicross Pharmaceuticals	allopathy	strip of 10 tablets	Cefixime (200mg) 	 Ofloxacin (200mg)
115477	Jydan 2mg Injection	12	FALSE	Jydem Bio Pharma Pvt Ltd	allopathy	vial of 2 ml Injection	Ondansetron (2mg)	
115478	Jyomik 100mg Injection	19.95	FALSE	Biocin Genetics & Pharma	allopathy	vial of 2 ml Injection	Amikacin (100mg)	
115479	Jyomik 500mg Injection	62	FALSE	Biocin Genetics & Pharma	allopathy	vial of 2 ml Injection	Amikacin (500mg)	
115480	JP-Pen 1000mg Injection	1800	FALSE	J.P Biotech	allopathy	vial of 1 Injection	Meropenem (1000mg)	
115481	Jancef Dry Syrup	46	FALSE	Hiral Labs Ltd	allopathy	bottle of 30 ml Dry Syrup	Cefixime (50mg)	
115482	Jeflox-OZ 200mg/500mg Tablet	85	FALSE	Jeen Healthcare	allopathy	strip of 10 tablets	Ofloxacin (200mg) 	 Ornidazole (500mg)
